{
    "agent_1_utility": {
        "utility_1": [
            2,
            1.695,
            1.5150000000000001,
            1.37,
            1.31,
            1.26,
            1.215,
            1.175,
            1.145,
            1.115,
            1.09
        ],
        "utility_2": [
            0.0,
            0.585,
            1.01,
            1.3,
            1.355,
            1.395,
            1.56,
            1.685,
            0.7200000000000001,
            1.085,
            1.2
        ],
        "utility_3": [
            -1.0,
            0.5249999999999999,
            1.27,
            1.52,
            1.6,
            1.8650000000000002,
            1.7150000000000003,
            1.6650000000000003,
            1.6500000000000004,
            1.8850000000000002,
            1.9600000000000002
        ]
    },
    "agent_2_utility": {
        "utility_1": [
            -1.0,
            0.5249999999999999,
            1.15,
            1.3599999999999999,
            1.335,
            1.325,
            1.325,
            1.325,
            1.535,
            1.395,
            1.345
        ],
        "utility_2": [
            2.0,
            1.695,
            1.52,
            1.24,
            1.14,
            1.055,
            1.04,
            0.97,
            0.9099999999999999,
            0.8399999999999999,
            0.7899999999999998
        ],
        "utility_3": [
            0.0,
            0.615,
            1.035,
            1.325,
            1.52,
            1.655,
            1.74,
            1.805,
            1.8499999999999999,
            1.88,
            1.9
        ]
    },
    "agent_3_utility": {
        "utility_1": [
            0.0,
            0.585,
            1.0,
            1.29,
            1.34,
            1.375,
            1.4,
            1.4149999999999998,
            1.5749999999999997,
            1.5349999999999997,
            1.5049999999999997
        ],
        "utility_2": [
            -1.0,
            0.5249999999999999,
            1.15,
            1.1199999999999999,
            1.1349999999999998,
            1.1399999999999997,
            1.4749999999999996,
            1.4699999999999998,
            -0.03500000000000014,
            0.9649999999999999,
            1.085
        ],
        "utility_3": [
            2.0,
            1.725,
            1.62,
            1.53,
            1.455,
            1.52,
            1.44,
            1.375,
            1.32,
            1.405,
            1.48
        ]
    }
}