{
    "agent_1_utility": {
        "utility_1": [
            2,
            1.71975,
            1.5532499999999998,
            1.4724999999999997,
            1.4084999999999996,
            1.3484999999999996,
            1.3029999999999995,
            1.2672499999999995,
            1.2402499999999996,
            1.2127499999999996,
            1.1952499999999995
        ],
        "utility_2": [
            0.0,
            -0.5842499999999999,
            -0.03524999999999989,
            0.3557500000000001,
            0.63175,
            0.8267500000000001,
            0.9597500000000001,
            1.0605,
            1.1355,
            1.1079999999999999,
            1.2054999999999998
        ],
        "utility_3": [
            -1.0,
            0.44874999999999976,
            1.1642499999999998,
            1.4362499999999998,
            1.54825,
            1.597,
            1.6179999999999999,
            1.6277499999999998,
            1.6337499999999998,
            1.7025,
            1.6824999999999999
        ]
    },
    "agent_2_utility": {
        "utility_1": [
            -1.0,
            0.44874999999999976,
            1.05625,
            1.38775,
            1.5237500000000002,
            1.5837500000000002,
            1.5522500000000001,
            1.59125,
            1.61225,
            1.6232499999999999,
            1.63075
        ],
        "utility_2": [
            2.0,
            1.71025,
            1.40875,
            1.17925,
            1.0992499999999998,
            1.0354999999999999,
            0.9759999999999999,
            0.9727499999999999,
            0.9697499999999999,
            0.9697499999999999,
            0.9697499999999999
        ],
        "utility_3": [
            0.0,
            0.55575,
            0.94275,
            1.21475,
            1.39475,
            1.5185,
            1.613,
            1.678,
            1.7229999999999999,
            1.7587499999999998,
            1.7837499999999997
        ]
    },
    "agent_3_utility": {
        "utility_1": [
            0.0,
            0.5605,
            0.9430000000000001,
            1.198,
            1.3739999999999999,
            1.4902499999999999,
            1.5392499999999998,
            1.6139999999999999,
            1.6709999999999998,
            1.7094999999999998,
            1.7419999999999998
        ],
        "utility_2": [
            -1.0,
            -1.1804999999999999,
            -0.0014999999999998348,
            0.44475000000000015,
            0.8167500000000002,
            0.9780000000000002,
            1.0550000000000002,
            1.1720000000000002,
            1.2320000000000002,
            1.1467500000000002,
            1.2692500000000002
        ],
        "utility_3": [
            2.0,
            1.71025,
            1.61125,
            1.53475,
            1.46675,
            1.4105,
            1.3685,
            1.3295000000000001,
            1.2965000000000002,
            1.3047500000000003,
            1.2797500000000004
        ]
    }
}