{
    "agent_1_utility": {
        "utility_1": [
            2,
            1.695,
            1.51,
            1.43,
            1.355,
            1.295,
            1.2449999999999999,
            1.1949999999999998,
            1.1449999999999998,
            1.1099999999999999,
            1.0799999999999998
        ],
        "utility_2": [
            0.0,
            -0.615,
            0.015000000000000013,
            0.46,
            0.865,
            1.05,
            1.175,
            1.26,
            1.32,
            1.36,
            1.395
        ],
        "utility_3": [
            -1.0,
            0.5249999999999999,
            1.27,
            1.52,
            1.6,
            1.6300000000000001,
            1.6400000000000001,
            1.6400000000000001,
            1.5250000000000001,
            1.6050000000000002,
            1.6300000000000001
        ]
    },
    "agent_2_utility": {
        "utility_1": [
            -1.0,
            0.5249999999999999,
            1.15,
            1.48,
            1.505,
            1.595,
            1.625,
            1.635,
            1.64,
            1.64,
            1.64
        ],
        "utility_2": [
            2.0,
            1.695,
            1.37,
            1.1700000000000002,
            1.0750000000000002,
            0.9900000000000002,
            0.9850000000000002,
            0.9800000000000002,
            0.9750000000000002,
            0.9700000000000002,
            0.9750000000000002
        ],
        "utility_3": [
            0.0,
            0.585,
            1.01,
            1.305,
            1.5,
            1.6400000000000001,
            1.7300000000000002,
            1.7900000000000003,
            1.8300000000000003,
            1.8600000000000003,
            1.8800000000000003
        ]
    },
    "agent_3_utility": {
        "utility_1": [
            0.0,
            0.585,
            0.99,
            1.285,
            1.42,
            1.5799999999999998,
            1.69,
            1.755,
            1.7899999999999998,
            1.8249999999999997,
            1.8449999999999998
        ],
        "utility_2": [
            -1.0,
            -1.19,
            0.125,
            0.685,
            1.12,
            1.135,
            1.26,
            1.3,
            1.315,
            1.3199999999999998,
            1.3199999999999998
        ],
        "utility_3": [
            2.0,
            1.695,
            1.59,
            1.5050000000000001,
            1.425,
            1.365,
            1.305,
            1.255,
            1.1449999999999998,
            1.1149999999999998,
            1.0899999999999999
        ]
    }
}